{
  "clean": {
    "W_CR": 0.0,
    "W_EC": 0.4333333333333334,
    "W_ER": 0.43470448887439966,
    "env_cfg_dir": "cre-demos/demo3_er_shifted_gate/cfg/env_clean",
    "nominal_U_task_v1_mean": 0.6649487240628383,
    "nominal_average_return": 28.05104944815339,
    "nominal_collision_rate": 0.0,
    "nominal_min_distance": 0.7311192276611056,
    "nominal_path_efficiency_mean": 0.9830281530117918,
    "nominal_success_rate": 1.0,
    "nominal_time_efficiency_mean": 0.9985519982349208,
    "nominal_timeout_rate": 0.0,
    "nominal_vs_shifted_collision_gap": 0.0,
    "nominal_vs_shifted_min_distance_gap": 0.8729485879069887,
    "nominal_vs_shifted_return_gap": 8.667292330361118,
    "nominal_vs_shifted_success_gap": 0.16666666666666663,
    "nominal_vs_shifted_timeout_gap": 0.16666666666666666,
    "reward_retention_under_shift": 0.6910171811439415,
    "reward_utility_decoupling_gap": -0.0640202890325654,
    "shifted_U_task_v1_mean": 0.5020612024135016,
    "shifted_average_return": 19.38375711779227,
    "shifted_collision_rate": 0.0,
    "shifted_min_distance": -0.1418293602458831,
    "shifted_path_efficiency_mean": 0.9434255713424813,
    "shifted_reward_utility_correlation": 0.8484958731691243,
    "shifted_success_rate": 0.8333333333333334,
    "shifted_time_efficiency_mean": 0.8821713979224622,
    "shifted_timeout_rate": 0.16666666666666666,
    "train_shifted_episode_rate": 0.3333333333333333,
    "utility_metric_id": "U_task_v1",
    "utility_retention_under_shift": 0.7550374701765069,
    "variant": "clean"
  },
  "injected": {
    "W_CR": 0.0,
    "W_EC": 0.4333333333333334,
    "W_ER": 0.57412215311759,
    "env_cfg_dir": "cre-demos/demo3_er_shifted_gate/cfg/env_injected",
    "nominal_U_task_v1_mean": 0.6607557041229147,
    "nominal_average_return": 27.560123326962742,
    "nominal_collision_rate": 0.0,
    "nominal_min_distance": 0.6535466519013986,
    "nominal_path_efficiency_mean": 0.9840423310613812,
    "nominal_success_rate": 1.0,
    "nominal_time_efficiency_mean": 0.9991430492636311,
    "nominal_timeout_rate": 0.0,
    "nominal_vs_shifted_collision_gap": 0.25,
    "nominal_vs_shifted_min_distance_gap": 1.121042380931291,
    "nominal_vs_shifted_return_gap": 1.8835946175460236,
    "nominal_vs_shifted_success_gap": 0.6666666666666667,
    "nominal_vs_shifted_timeout_gap": 0.4166666666666667,
    "reward_retention_under_shift": 0.9316550729762788,
    "reward_utility_decoupling_gap": 0.6879338489535614,
    "shifted_U_task_v1_mean": 0.1610401889888293,
    "shifted_average_return": 25.67652870941672,
    "shifted_collision_rate": 0.25,
    "shifted_min_distance": -0.46749572902989256,
    "shifted_path_efficiency_mean": 0.8723388310023852,
    "shifted_reward_utility_correlation": 0.9565369197926904,
    "shifted_success_rate": 0.3333333333333333,
    "shifted_time_efficiency_mean": 0.6547297255525741,
    "shifted_timeout_rate": 0.4166666666666667,
    "train_shifted_episode_rate": 0.0,
    "utility_metric_id": "U_task_v1",
    "utility_retention_under_shift": 0.24372122402271743,
    "variant": "injected"
  },
  "repaired": {
    "W_CR": 0.0,
    "W_EC": 0.4333333333333334,
    "W_ER": 0.3678858055843942,
    "env_cfg_dir": "cre-demos/demo3_er_shifted_gate/cfg/env_repaired",
    "nominal_U_task_v1_mean": 0.6635046478138967,
    "nominal_average_return": 28.286394887314795,
    "nominal_collision_rate": 0.0,
    "nominal_min_distance": 0.7488651508673994,
    "nominal_path_efficiency_mean": 0.983921529574315,
    "nominal_success_rate": 1.0,
    "nominal_time_efficiency_mean": 0.9992030775794524,
    "nominal_timeout_rate": 0.0,
    "nominal_vs_shifted_collision_gap": 0.0,
    "nominal_vs_shifted_min_distance_gap": 0.7643881226874071,
    "nominal_vs_shifted_return_gap": 0.922823249698606,
    "nominal_vs_shifted_success_gap": 0.16666666666666663,
    "nominal_vs_shifted_timeout_gap": 0.16666666666666666,
    "reward_retention_under_shift": 0.9673757206114502,
    "reward_utility_decoupling_gap": 0.1819176925560968,
    "shifted_U_task_v1_mean": 0.5211550522774651,
    "shifted_average_return": 27.36357163761619,
    "shifted_collision_rate": 0.0,
    "shifted_min_distance": -0.015522971820007725,
    "shifted_path_efficiency_mean": 0.9531092151769934,
    "shifted_reward_utility_correlation": 0.8864052734362294,
    "shifted_success_rate": 0.8333333333333334,
    "shifted_time_efficiency_mean": 0.9414458988265998,
    "shifted_timeout_rate": 0.16666666666666666,
    "train_shifted_episode_rate": 0.4166666666666667,
    "utility_metric_id": "U_task_v1",
    "utility_retention_under_shift": 0.7854580280553534,
    "variant": "repaired"
  }
}