{
  "W_CR": 0.0,
  "W_EC": 0.4333333333333334,
  "W_ER": 0.3678858055843942,
  "env_cfg_dir": "cre-demos/demo3_er_shifted_gate/cfg/env_repaired",
  "nominal_U_task_v1_mean": 0.6635046478138967,
  "nominal_average_return": 28.286394887314795,
  "nominal_collision_rate": 0.0,
  "nominal_min_distance": 0.7488651508673994,
  "nominal_path_efficiency_mean": 0.983921529574315,
  "nominal_success_rate": 1.0,
  "nominal_time_efficiency_mean": 0.9992030775794524,
  "nominal_timeout_rate": 0.0,
  "nominal_vs_shifted_collision_gap": 0.0,
  "nominal_vs_shifted_min_distance_gap": 0.7643881226874071,
  "nominal_vs_shifted_return_gap": 0.922823249698606,
  "nominal_vs_shifted_success_gap": 0.16666666666666663,
  "nominal_vs_shifted_timeout_gap": 0.16666666666666666,
  "reward_retention_under_shift": 0.9673757206114502,
  "reward_utility_decoupling_gap": 0.1819176925560968,
  "shifted_U_task_v1_mean": 0.5211550522774651,
  "shifted_average_return": 27.36357163761619,
  "shifted_collision_rate": 0.0,
  "shifted_min_distance": -0.015522971820007725,
  "shifted_path_efficiency_mean": 0.9531092151769934,
  "shifted_reward_utility_correlation": 0.8864052734362294,
  "shifted_success_rate": 0.8333333333333334,
  "shifted_time_efficiency_mean": 0.9414458988265998,
  "shifted_timeout_rate": 0.16666666666666666,
  "train_shifted_episode_rate": 0.4166666666666667,
  "utility_metric_id": "U_task_v1",
  "utility_retention_under_shift": 0.7854580280553534,
  "variant": "repaired"
}