{
  "family_counts": {
    "nominal": 8,
    "shifted": 4
  },
  "family_rates": {
    "nominal": 0.6666666666666666,
    "shifted": 0.3333333333333333
  },
  "variant": "clean"
}