{
  "W_CR": 0.0,
  "W_EC": 0.4333333333333334,
  "W_ER": 0.43470448887439966,
  "env_cfg_dir": "cre-demos/demo3_er_shifted_gate/cfg/env_clean",
  "nominal_U_task_v1_mean": 0.6649487240628383,
  "nominal_average_return": 28.05104944815339,
  "nominal_collision_rate": 0.0,
  "nominal_min_distance": 0.7311192276611056,
  "nominal_path_efficiency_mean": 0.9830281530117918,
  "nominal_success_rate": 1.0,
  "nominal_time_efficiency_mean": 0.9985519982349208,
  "nominal_timeout_rate": 0.0,
  "nominal_vs_shifted_collision_gap": 0.0,
  "nominal_vs_shifted_min_distance_gap": 0.8729485879069887,
  "nominal_vs_shifted_return_gap": 8.667292330361118,
  "nominal_vs_shifted_success_gap": 0.16666666666666663,
  "nominal_vs_shifted_timeout_gap": 0.16666666666666666,
  "reward_retention_under_shift": 0.6910171811439415,
  "reward_utility_decoupling_gap": -0.0640202890325654,
  "shifted_U_task_v1_mean": 0.5020612024135016,
  "shifted_average_return": 19.38375711779227,
  "shifted_collision_rate": 0.0,
  "shifted_min_distance": -0.1418293602458831,
  "shifted_path_efficiency_mean": 0.9434255713424813,
  "shifted_reward_utility_correlation": 0.8484958731691243,
  "shifted_success_rate": 0.8333333333333334,
  "shifted_time_efficiency_mean": 0.8821713979224622,
  "shifted_timeout_rate": 0.16666666666666666,
  "train_shifted_episode_rate": 0.3333333333333333,
  "utility_metric_id": "U_task_v1",
  "utility_retention_under_shift": 0.7550374701765069,
  "variant": "clean"
}